{
    "0.001": [
        0.7979999999999999,
        0.8009999999999999,
        0.791,
        0.7959999999999999,
        0.7969999999999999,
        0.7969999999999999
    ],
    "0.01": [
        0.7979999999999999,
        0.8009999999999999,
        0.791,
        0.7959999999999999,
        0.7969999999999999,
        0.7969999999999999
    ],
    "0.1": [
        0.7979999999999999,
        0.8009999999999999,
        0.791,
        0.7959999999999999,
        0.7969999999999999,
        0.7969999999999999
    ],
    "0.3": [
        0.7979999999999999,
        0.8009999999999999,
        0.791,
        0.7959999999999999,
        0.7969999999999999,
        0.7969999999999999
    ],
    "0.5": [
        0.7979999999999999,
        0.8009999999999999,
        0.791,
        0.7959999999999999,
        0.7969999999999999,
        0.7969999999999999
    ],
    "0.7": [
        0.7979999999999999,
        0.8009999999999999,
        0.791,
        0.7959999999999999,
        0.7969999999999999,
        0.7969999999999999
    ],
    "0.9": [
        0.7979999999999999,
        0.8009999999999999,
        0.791,
        0.7959999999999999,
        0.7969999999999999,
        0.7969999999999999
    ]
}