{
    "0.001": [
        0.7929999999999999,
        0.792,
        0.7910000000000001,
        0.79,
        0.79,
        0.79
    ],
    "0.01": [
        0.7929999999999999,
        0.792,
        0.7910000000000001,
        0.79,
        0.79,
        0.79
    ],
    "0.1": [
        0.7929999999999999,
        0.792,
        0.7910000000000001,
        0.79,
        0.79,
        0.79
    ],
    "0.3": [
        0.7929999999999999,
        0.792,
        0.7910000000000001,
        0.79,
        0.79,
        0.79
    ],
    "0.5": [
        0.7929999999999999,
        0.792,
        0.7910000000000001,
        0.79,
        0.79,
        0.79
    ],
    "0.7": [
        0.7929999999999999,
        0.792,
        0.7910000000000001,
        0.79,
        0.79,
        0.79
    ],
    "0.9": [
        0.7929999999999999,
        0.792,
        0.7910000000000001,
        0.79,
        0.79,
        0.79
    ]
}