{
    "0.001": [
        0.781,
        0.795,
        0.79,
        0.798,
        0.7969999999999999,
        0.796
    ],
    "0.01": [
        0.781,
        0.795,
        0.79,
        0.798,
        0.7969999999999999,
        0.796
    ],
    "0.1": [
        0.781,
        0.795,
        0.79,
        0.798,
        0.7969999999999999,
        0.796
    ],
    "0.3": [
        0.781,
        0.795,
        0.79,
        0.798,
        0.7969999999999999,
        0.796
    ],
    "0.5": [
        0.781,
        0.795,
        0.79,
        0.798,
        0.7969999999999999,
        0.796
    ],
    "0.7": [
        0.781,
        0.795,
        0.79,
        0.798,
        0.7969999999999999,
        0.796
    ],
    "0.9": [
        0.781,
        0.795,
        0.79,
        0.798,
        0.7969999999999999,
        0.796
    ]
}