{
    "0.001": [
        0.7899999999999999,
        0.7899999999999999,
        0.7889999999999999,
        0.7899999999999999,
        0.7899999999999999,
        0.7899999999999999
    ],
    "0.01": [
        0.7899999999999999,
        0.7899999999999999,
        0.7889999999999999,
        0.7899999999999999,
        0.7899999999999999,
        0.7899999999999999
    ],
    "0.1": [
        0.7899999999999999,
        0.7899999999999999,
        0.7889999999999999,
        0.7899999999999999,
        0.7899999999999999,
        0.7899999999999999
    ],
    "0.3": [
        0.7899999999999999,
        0.7899999999999999,
        0.7889999999999999,
        0.7899999999999999,
        0.7899999999999999,
        0.7899999999999999
    ],
    "0.5": [
        0.7899999999999999,
        0.7899999999999999,
        0.7889999999999999,
        0.7899999999999999,
        0.7899999999999999,
        0.7899999999999999
    ],
    "0.7": [
        0.7899999999999999,
        0.7899999999999999,
        0.7889999999999999,
        0.7899999999999999,
        0.7899999999999999,
        0.7899999999999999
    ],
    "0.9": [
        0.7899999999999999,
        0.7899999999999999,
        0.7889999999999999,
        0.7899999999999999,
        0.7899999999999999,
        0.7899999999999999
    ]
}