{
    "0.001": [
        0.78,
        0.7870000000000001,
        0.78,
        0.798,
        0.798,
        0.799
    ],
    "0.01": [
        0.78,
        0.7870000000000001,
        0.78,
        0.798,
        0.798,
        0.799
    ],
    "0.1": [
        0.78,
        0.7870000000000001,
        0.78,
        0.798,
        0.798,
        0.799
    ],
    "0.3": [
        0.78,
        0.7870000000000001,
        0.78,
        0.798,
        0.798,
        0.799
    ],
    "0.5": [
        0.78,
        0.7870000000000001,
        0.78,
        0.798,
        0.798,
        0.799
    ],
    "0.7": [
        0.78,
        0.7870000000000001,
        0.78,
        0.798,
        0.798,
        0.799
    ],
    "0.9": [
        0.78,
        0.7870000000000001,
        0.78,
        0.798,
        0.798,
        0.799
    ]
}