{
    "0.001": [
        0.7950000000000002,
        0.79,
        0.7899999999999999,
        0.7899999999999998,
        0.7899999999999998,
        0.7899999999999998
    ],
    "0.01": [
        0.7950000000000002,
        0.79,
        0.7899999999999999,
        0.7899999999999998,
        0.7899999999999998,
        0.7899999999999998
    ],
    "0.1": [
        0.7950000000000002,
        0.79,
        0.7899999999999999,
        0.7899999999999998,
        0.7899999999999998,
        0.7899999999999998
    ],
    "0.3": [
        0.7950000000000002,
        0.79,
        0.7899999999999999,
        0.7899999999999998,
        0.7899999999999998,
        0.7899999999999998
    ],
    "0.5": [
        0.7950000000000002,
        0.79,
        0.7899999999999999,
        0.7899999999999998,
        0.7899999999999998,
        0.7899999999999998
    ],
    "0.7": [
        0.7950000000000002,
        0.79,
        0.7899999999999999,
        0.7899999999999998,
        0.7899999999999998,
        0.7899999999999998
    ],
    "0.9": [
        0.7950000000000002,
        0.79,
        0.7899999999999999,
        0.7899999999999998,
        0.7899999999999998,
        0.7899999999999998
    ]
}