{
    "0.001": [
        0.7789999999999999,
        0.792,
        0.788,
        0.7889999999999999,
        0.7889999999999999,
        0.788
    ],
    "0.01": [
        0.7789999999999999,
        0.792,
        0.788,
        0.7889999999999999,
        0.7889999999999999,
        0.788
    ],
    "0.1": [
        0.7789999999999999,
        0.792,
        0.788,
        0.7889999999999999,
        0.7889999999999999,
        0.788
    ],
    "0.3": [
        0.7789999999999999,
        0.792,
        0.788,
        0.7889999999999999,
        0.7889999999999999,
        0.788
    ],
    "0.5": [
        0.7789999999999999,
        0.792,
        0.788,
        0.7889999999999999,
        0.7889999999999999,
        0.788
    ],
    "0.7": [
        0.7789999999999999,
        0.792,
        0.788,
        0.7889999999999999,
        0.7889999999999999,
        0.788
    ],
    "0.9": [
        0.7789999999999999,
        0.792,
        0.788,
        0.7889999999999999,
        0.7889999999999999,
        0.788
    ]
}