{
    "0.001": [
        0.5854761904761905,
        0.5792857142857144,
        0.574047619047619,
        0.5797619047619047,
        0.574047619047619,
        0.5819047619047619
    ],
    "0.01": [
        0.6023809523809524,
        0.6107142857142858,
        0.6195238095238096,
        0.6316666666666667,
        0.6514285714285715,
        0.6692857142857143
    ],
    "0.1": [
        0.605,
        0.6388095238095238,
        0.655952380952381,
        0.6538095238095238,
        0.6554761904761905,
        0.6559523809523811
    ],
    "0.3": [
        0.5349999999999999,
        0.5716666666666667,
        0.5957142857142858,
        0.6185714285714285,
        0.619047619047619,
        0.6157142857142857
    ],
    "0.5": [
        0.4428571428571429,
        0.514047619047619,
        0.5352380952380951,
        0.5514285714285714,
        0.5630952380952381,
        0.5642857142857143
    ],
    "0.7": [
        0.39333333333333337,
        0.4307142857142857,
        0.43071428571428577,
        0.4335714285714286,
        0.4523809523809524,
        0.46571428571428575
    ],
    "0.9": [
        0.34404761904761905,
        0.35904761904761906,
        0.3685714285714286,
        0.37357142857142855,
        0.37928571428571434,
        0.38261904761904764
    ]
}