{
    "0.001": [
        0.8099999999999999,
        0.817,
        0.817,
        0.8190000000000002,
        0.8190000000000002,
        0.8190000000000002
    ],
    "0.01": [
        0.8099999999999999,
        0.817,
        0.817,
        0.8190000000000002,
        0.8190000000000002,
        0.8190000000000002
    ],
    "0.1": [
        0.8099999999999999,
        0.817,
        0.817,
        0.8190000000000002,
        0.8190000000000002,
        0.8190000000000002
    ],
    "0.3": [
        0.8099999999999999,
        0.817,
        0.817,
        0.8190000000000002,
        0.8190000000000002,
        0.8190000000000002
    ],
    "0.5": [
        0.8099999999999999,
        0.817,
        0.817,
        0.8190000000000002,
        0.8190000000000002,
        0.8190000000000002
    ],
    "0.7": [
        0.8099999999999999,
        0.817,
        0.817,
        0.8190000000000002,
        0.8190000000000002,
        0.8190000000000002
    ],
    "0.9": [
        0.8099999999999999,
        0.817,
        0.817,
        0.8190000000000002,
        0.8190000000000002,
        0.8190000000000002
    ]
}