{
    "0.001": [
        0.789,
        0.8019999999999999,
        0.8,
        0.8020000000000002,
        0.7999999999999999,
        0.7999999999999999
    ],
    "0.01": [
        0.789,
        0.8019999999999999,
        0.8,
        0.8020000000000002,
        0.7999999999999999,
        0.7999999999999999
    ],
    "0.1": [
        0.789,
        0.8019999999999999,
        0.8,
        0.8020000000000002,
        0.7999999999999999,
        0.7999999999999999
    ],
    "0.3": [
        0.789,
        0.8019999999999999,
        0.8,
        0.8020000000000002,
        0.7999999999999999,
        0.7999999999999999
    ],
    "0.5": [
        0.789,
        0.8019999999999999,
        0.8,
        0.8020000000000002,
        0.7999999999999999,
        0.7999999999999999
    ],
    "0.7": [
        0.789,
        0.8019999999999999,
        0.8,
        0.8020000000000002,
        0.7999999999999999,
        0.7999999999999999
    ],
    "0.9": [
        0.789,
        0.8019999999999999,
        0.8,
        0.8020000000000002,
        0.7999999999999999,
        0.7999999999999999
    ]
}