{
    "0.001": [
        0.6335714285714287,
        0.6414285714285715,
        0.6469047619047619,
        0.6521428571428571,
        0.6538095238095238,
        0.6538095238095238
    ],
    "0.01": [
        0.6335714285714287,
        0.6414285714285715,
        0.6469047619047619,
        0.6521428571428571,
        0.6538095238095238,
        0.6538095238095238
    ],
    "0.1": [
        0.6335714285714287,
        0.6414285714285715,
        0.6469047619047619,
        0.6521428571428571,
        0.6538095238095238,
        0.6538095238095238
    ],
    "0.3": [
        0.6335714285714287,
        0.6414285714285715,
        0.6469047619047619,
        0.6521428571428571,
        0.6538095238095238,
        0.6538095238095238
    ],
    "0.5": [
        0.6335714285714287,
        0.6414285714285715,
        0.6469047619047619,
        0.6521428571428571,
        0.6538095238095238,
        0.6538095238095238
    ],
    "0.7": [
        0.6335714285714287,
        0.6414285714285715,
        0.6469047619047619,
        0.6521428571428571,
        0.6538095238095238,
        0.6538095238095238
    ],
    "0.9": [
        0.6335714285714287,
        0.6414285714285715,
        0.6469047619047619,
        0.6521428571428571,
        0.6538095238095238,
        0.6538095238095238
    ]
}