{
    "0.001": [
        0.6299999999999999,
        0.6442857142857144,
        0.665,
        0.6699999999999999,
        0.6683333333333333,
        0.6683333333333333
    ],
    "0.01": [
        0.6299999999999999,
        0.6442857142857144,
        0.665,
        0.6699999999999999,
        0.6683333333333333,
        0.6683333333333333
    ],
    "0.1": [
        0.6299999999999999,
        0.6442857142857144,
        0.665,
        0.6699999999999999,
        0.6683333333333333,
        0.6683333333333333
    ],
    "0.3": [
        0.6299999999999999,
        0.6442857142857144,
        0.665,
        0.6699999999999999,
        0.6683333333333333,
        0.6683333333333333
    ],
    "0.5": [
        0.6299999999999999,
        0.6442857142857144,
        0.665,
        0.6699999999999999,
        0.6683333333333333,
        0.6683333333333333
    ],
    "0.7": [
        0.6299999999999999,
        0.6442857142857144,
        0.665,
        0.6699999999999999,
        0.6683333333333333,
        0.6683333333333333
    ],
    "0.9": [
        0.6299999999999999,
        0.6442857142857144,
        0.665,
        0.6699999999999999,
        0.6683333333333333,
        0.6683333333333333
    ]
}