{
    "0.001": [
        0.5895238095238093,
        0.5873809523809523,
        0.5783333333333334,
        0.5707142857142856,
        0.5821428571428571,
        0.5676190476190477
    ],
    "0.01": [
        0.6061904761904762,
        0.612142857142857,
        0.6059523809523809,
        0.6095238095238095,
        0.63,
        0.6309523809523809
    ],
    "0.1": [
        0.606904761904762,
        0.6447619047619048,
        0.65,
        0.6602380952380952,
        0.6542857142857142,
        0.6535714285714285
    ],
    "0.3": [
        0.54,
        0.5680952380952381,
        0.5888095238095239,
        0.6128571428571429,
        0.6145238095238096,
        0.6178571428571429
    ],
    "0.5": [
        0.43619047619047624,
        0.4873809523809524,
        0.51,
        0.5333333333333333,
        0.54,
        0.5433333333333333
    ],
    "0.7": [
        0.385952380952381,
        0.40928571428571425,
        0.4133333333333334,
        0.425,
        0.45000000000000007,
        0.4566666666666667
    ],
    "0.9": [
        0.3488095238095238,
        0.3623809523809524,
        0.36904761904761907,
        0.3697619047619048,
        0.3788095238095238,
        0.3821428571428571
    ]
}