{
    "0.001": [
        0.5792857142857144,
        0.6088095238095237,
        0.5969047619047618,
        0.6028571428571428,
        0.6045238095238095,
        0.6028571428571428
    ],
    "0.01": [
        0.5792857142857144,
        0.6088095238095237,
        0.5969047619047618,
        0.6028571428571428,
        0.6045238095238095,
        0.6028571428571428
    ],
    "0.1": [
        0.5792857142857144,
        0.6088095238095237,
        0.5969047619047618,
        0.6028571428571428,
        0.6045238095238095,
        0.6028571428571428
    ],
    "0.3": [
        0.5792857142857144,
        0.6088095238095237,
        0.5969047619047618,
        0.6028571428571428,
        0.6045238095238095,
        0.6028571428571428
    ],
    "0.5": [
        0.5792857142857144,
        0.6088095238095237,
        0.5969047619047618,
        0.6028571428571428,
        0.6045238095238095,
        0.6028571428571428
    ],
    "0.7": [
        0.5792857142857144,
        0.6088095238095237,
        0.5969047619047618,
        0.6028571428571428,
        0.6045238095238095,
        0.6028571428571428
    ],
    "0.9": [
        0.5792857142857144,
        0.6088095238095237,
        0.5969047619047618,
        0.6028571428571428,
        0.6045238095238095,
        0.6028571428571428
    ]
}