{
    "0.001": [
        0.6583333333333334,
        0.6692857142857143,
        0.6876190476190477,
        0.678095238095238,
        0.6873809523809525,
        0.6790476190476191
    ],
    "0.01": [
        0.6673809523809524,
        0.6816666666666665,
        0.6964285714285714,
        0.6880952380952381,
        0.6861904761904761,
        0.6861904761904762
    ],
    "0.1": [
        0.6769047619047619,
        0.6607142857142857,
        0.660952380952381,
        0.6647619047619048,
        0.6647619047619048,
        0.6647619047619048
    ],
    "0.3": [
        0.6483333333333333,
        0.6516666666666666,
        0.6528571428571429,
        0.6523809523809525,
        0.6523809523809525,
        0.6523809523809525
    ],
    "0.5": [
        0.6376190476190476,
        0.6447619047619048,
        0.6447619047619048,
        0.6447619047619048,
        0.6447619047619048,
        0.6447619047619048
    ],
    "0.7": [
        0.6014285714285714,
        0.6014285714285714,
        0.6014285714285714,
        0.6014285714285714,
        0.6014285714285714,
        0.6014285714285714
    ],
    "0.9": [
        0.5814285714285714,
        0.5814285714285714,
        0.5814285714285714,
        0.5804761904761905,
        0.5854761904761905,
        0.5854761904761905
    ]
}