{
    "0.001": [
        0.6519047619047619,
        0.6526190476190477,
        0.6399999999999999,
        0.6497619047619047,
        0.6473809523809523,
        0.6495238095238094
    ],
    "0.01": [
        0.6492857142857144,
        0.6523809523809525,
        0.6492857142857142,
        0.6585714285714286,
        0.6490476190476191,
        0.6490476190476191
    ],
    "0.1": [
        0.6483333333333332,
        0.6526190476190477,
        0.6473809523809524,
        0.6464285714285716,
        0.6480952380952381,
        0.6480952380952381
    ],
    "0.3": [
        0.6416666666666667,
        0.6395238095238095,
        0.6390476190476191,
        0.6440476190476191,
        0.6440476190476191,
        0.6440476190476191
    ],
    "0.5": [
        0.6342857142857142,
        0.6345238095238095,
        0.6345238095238095,
        0.6345238095238095,
        0.6345238095238095,
        0.6345238095238095
    ],
    "0.7": [
        0.606904761904762,
        0.606904761904762,
        0.606904761904762,
        0.606904761904762,
        0.606904761904762,
        0.606904761904762
    ],
    "0.9": [
        0.564047619047619,
        0.559047619047619,
        0.559047619047619,
        0.564047619047619,
        0.5707142857142856,
        0.5707142857142856
    ]
}