{
    "0.001": [
        0.8150000000000001,
        0.8039999999999999,
        0.8069999999999998,
        0.805,
        0.805,
        0.8030000000000002
    ],
    "0.01": [
        0.8150000000000001,
        0.8039999999999999,
        0.8069999999999998,
        0.805,
        0.805,
        0.8030000000000002
    ],
    "0.1": [
        0.8150000000000001,
        0.8039999999999999,
        0.8069999999999998,
        0.805,
        0.805,
        0.8030000000000002
    ],
    "0.3": [
        0.8150000000000001,
        0.8039999999999999,
        0.8069999999999998,
        0.805,
        0.805,
        0.8030000000000002
    ],
    "0.5": [
        0.8150000000000001,
        0.8039999999999999,
        0.8069999999999998,
        0.805,
        0.805,
        0.8030000000000002
    ],
    "0.7": [
        0.8150000000000001,
        0.8039999999999999,
        0.8069999999999998,
        0.805,
        0.805,
        0.8030000000000002
    ],
    "0.9": [
        0.8150000000000001,
        0.8039999999999999,
        0.8069999999999998,
        0.805,
        0.805,
        0.8030000000000002
    ]
}