{
    "0.001": [
        0.806,
        0.8089999999999999,
        0.799,
        0.8,
        0.798,
        0.7950000000000002
    ],
    "0.01": [
        0.806,
        0.8089999999999999,
        0.799,
        0.8,
        0.798,
        0.7950000000000002
    ],
    "0.1": [
        0.806,
        0.8089999999999999,
        0.799,
        0.8,
        0.798,
        0.7950000000000002
    ],
    "0.3": [
        0.806,
        0.8089999999999999,
        0.799,
        0.8,
        0.798,
        0.7950000000000002
    ],
    "0.5": [
        0.806,
        0.8089999999999999,
        0.799,
        0.8,
        0.798,
        0.7950000000000002
    ],
    "0.7": [
        0.806,
        0.8089999999999999,
        0.799,
        0.8,
        0.798,
        0.7950000000000002
    ],
    "0.9": [
        0.806,
        0.8089999999999999,
        0.799,
        0.8,
        0.798,
        0.7950000000000002
    ]
}