{
    "0.001": [
        0.6104761904761904,
        0.621904761904762,
        0.636904761904762,
        0.6323809523809525,
        0.6323809523809525,
        0.631904761904762
    ],
    "0.01": [
        0.6104761904761904,
        0.621904761904762,
        0.636904761904762,
        0.6323809523809525,
        0.6323809523809525,
        0.631904761904762
    ],
    "0.1": [
        0.6104761904761904,
        0.621904761904762,
        0.636904761904762,
        0.6323809523809525,
        0.6323809523809525,
        0.631904761904762
    ],
    "0.3": [
        0.6104761904761904,
        0.621904761904762,
        0.636904761904762,
        0.6323809523809525,
        0.6323809523809525,
        0.631904761904762
    ],
    "0.5": [
        0.6104761904761904,
        0.621904761904762,
        0.636904761904762,
        0.6323809523809525,
        0.6323809523809525,
        0.631904761904762
    ],
    "0.7": [
        0.6104761904761904,
        0.621904761904762,
        0.636904761904762,
        0.6323809523809525,
        0.6323809523809525,
        0.631904761904762
    ],
    "0.9": [
        0.6104761904761904,
        0.621904761904762,
        0.636904761904762,
        0.6323809523809525,
        0.6323809523809525,
        0.631904761904762
    ]
}