{
    "0.001": [
        0.00022879999999076973,
        0.00022869999999670655,
        0.0002471999999897889,
        0.00024599999999281864,
        0.00025630000000660403,
        0.00025229999999965
    ],
    "0.01": [
        0.00025130000000785915,
        0.0002410999999995056,
        0.00024780000001101143,
        0.00024819999999863284,
        0.00026889999999752946,
        0.00030470000000377696
    ],
    "0.1": [
        0.00039479999999798566,
        0.0002767999999946369,
        0.00022720000000049368,
        0.00029170000001954577,
        0.0002430999999944561,
        0.00023990000000821964
    ],
    "0.3": [
        0.0002636999999992895,
        0.00022239999998987514,
        0.0002329999999915344,
        0.00022580000000971268,
        0.00022459999999000502,
        0.0002419000000088545
    ],
    "0.5": [
        0.00024540000000570215,
        0.0002531000000089989,
        0.00026310000000080437,
        0.0002392999999926815,
        0.0002329000000031556,
        0.00022689999999556676
    ],
    "0.7": [
        0.0002657999999939875,
        0.0003313999999988937,
        0.00022879999999645407,
        0.0002674000000013166,
        0.0002227000000004864,
        0.0002675000000010641
    ],
    "0.9": [
        0.00025769999999738504,
        0.0002980999999863343,
        0.00024360000001024673,
        0.00027099999998654313,
        0.0003078999999956977,
        0.00022609999999758656
    ]
}