{
    "0.001": [
        0.00022979999999677146,
        0.00023020000000428809,
        0.00023850000001175432,
        0.0002418000000034226,
        0.0002359999999896445,
        0.00024139999999874817
    ],
    "0.01": [
        0.0002547999999990225,
        0.00024349999999913053,
        0.0002721999999948821,
        0.0002523000000110187,
        0.00024119999999925313,
        0.00033320000000003347
    ],
    "0.1": [
        0.00025839999998993334,
        0.00035350000001130864,
        0.00023220000001060724,
        0.00034149999999613103,
        0.0002578000000085012,
        0.00023360000000138825
    ],
    "0.3": [
        0.000238000000001648,
        0.0002579000000025644,
        0.0002458000000046923,
        0.000262200000008761,
        0.00023350000000732507,
        0.0002587000000005446
    ],
    "0.5": [
        0.0003180999999926826,
        0.00024899999999661304,
        0.0002695999999957621,
        0.00034369999999626086,
        0.00023119999999039466,
        0.00025930000001039843
    ],
    "0.7": [
        0.0002422999999964759,
        0.0002553999999975076,
        0.00026910000000839317,
        0.00023199999998837483,
        0.00025100000000861656,
        0.00022759999999379942
    ],
    "0.9": [
        0.0002530000000263044,
        0.00026090000002341183,
        0.00029349999997521083,
        0.00026400000000421643,
        0.0002429999999890242,
        0.0002696999999898253
    ]
}