{
    "0.001": [
        0.00022450000000020509,
        0.0002405000000003099,
        0.0002401999999989357,
        0.00024970000000053006,
        0.00024129999999900065,
        0.00025959999999827235
    ],
    "0.01": [
        0.0002326999999979762,
        0.00024139999999732708,
        0.0002742999999981066,
        0.00024970000000053006,
        0.0002785000000031346,
        0.000322199999997963
    ],
    "0.1": [
        0.00034729999999854043,
        0.0003486000000009426,
        0.0002458000000018501,
        0.0002316999999948166,
        0.0002274999999940519,
        0.00024080000000878954
    ],
    "0.3": [
        0.00023120000000176333,
        0.0002310000000022683,
        0.00023359999999286173,
        0.0002796999999958416,
        0.0002990999999980204,
        0.000256900000002247
    ],
    "0.5": [
        0.00023949999999217653,
        0.00023220000000208075,
        0.00023820000000398522,
        0.00023289999999747123,
        0.00024200000000575982,
        0.00022920000000681284
    ],
    "0.7": [
        0.00023439999999652628,
        0.0002619999999922129,
        0.00025130000000501697,
        0.00023010000000169838,
        0.00024579999998763924,
        0.0002564999999947304
    ],
    "0.9": [
        0.00033190000000331564,
        0.00034500000000434736,
        0.00034429999999474603,
        0.0002490000000079817,
        0.0002310000000022683,
        0.00023060000000896252
    ]
}