{
    "0.001": [
        0.00018810000000044625,
        0.0001460000000005124,
        0.0003491000000000355,
        0.00014340000000103714,
        0.0001429000000001679,
        0.00015500000000017166
    ],
    "0.01": [
        0.00014560000000045646,
        0.0001510999999993601,
        0.00015669999999872174,
        0.00014339999999890551,
        0.00016640000000194276,
        0.0001580999999987398
    ],
    "0.1": [
        0.0002390999999960286,
        0.0003126999999992108,
        0.00015819999999706625,
        0.00015259999999699402,
        0.00020349999999922375,
        0.00014360000000692707
    ],
    "0.3": [
        0.0001425000000011778,
        0.00016220000000259914,
        0.0001452000000000453,
        0.00014439999999922294,
        0.0001624000000020942,
        0.00015469999999879748
    ],
    "0.5": [
        0.00015840000000082454,
        0.0001623999999935677,
        0.0001606000000037966,
        0.00014400000000023284,
        0.00014769999999657556,
        0.00014909999999872524
    ],
    "0.7": [
        0.0003101000000015119,
        0.00014779999999916526,
        0.00014360000000124273,
        0.00015260000000409945,
        0.0001442999999994754,
        0.0001454999999964457
    ],
    "0.9": [
        0.00018309999999814862,
        0.00014910000000156742,
        0.00015500000000088222,
        0.00023530000000846485,
        0.00015720000001238077,
        0.0001517000000092139
    ]
}