{
    "0.001": [
        0.00016650000000026922,
        0.00015270000001237348,
        0.00015399999999772264,
        0.00014749999998571185,
        0.0001446999999984655,
        0.00014680000001590087
    ],
    "0.01": [
        0.0001525999999898886,
        0.00014790000002449233,
        0.00014850000002297747,
        0.00015120000001616062,
        0.00014429999997673805,
        0.0001469000000270171
    ],
    "0.1": [
        0.00015740000000050714,
        0.0002610000000117907,
        0.0001773000000071079,
        0.0002292000000011285,
        0.00014719999998078493,
        0.00014669999999341598
    ],
    "0.3": [
        0.00016250000001036825,
        0.00015680000001339067,
        0.00014719999998078493,
        0.00014990000000807412,
        0.00014999999999645297,
        0.00014770000000225992
    ],
    "0.5": [
        0.00015529999999444044,
        0.00018859999995584075,
        0.0001603000000159227,
        0.0001520999999797823,
        0.00019120000002885716,
        0.00017080000002351882
    ],
    "0.7": [
        0.00025289999998676647,
        0.0002569000000221422,
        0.0001498000000196953,
        0.00015120000000479195,
        0.0001492999999868516,
        0.000166900000010628
    ],
    "0.9": [
        0.0001509999999939282,
        0.00015600000001541047,
        0.0002412999999933163,
        0.0001665000000230066,
        0.0001483999999777552,
        0.0001494000000093365
    ]
}