{
    "0.001": [
        0.0003210000000024138,
        0.00033539999999874224,
        0.00030040000000042255,
        0.0002265000000008399,
        0.00022590000000235477,
        0.00023150000000242698
    ],
    "0.01": [
        0.00022680000000292467,
        0.0002405999999993469,
        0.00024610000000251374,
        0.0002660000000048512,
        0.00022490000000061628,
        0.0002276999999992313
    ],
    "0.1": [
        0.00022680000000434574,
        0.00023960000000045056,
        0.000225799999998344,
        0.0002312999999986687,
        0.00029709999999738557,
        0.00027970000000152593
    ],
    "0.3": [
        0.00022790000000156853,
        0.00022560000000737546,
        0.0002915000000001555,
        0.00024379999999553094,
        0.00023379999999804114,
        0.00025990000000319924
    ],
    "0.5": [
        0.00025330000000280963,
        0.00024110000000518995,
        0.000285499999998251,
        0.00024080000000594736,
        0.0002538000000043894,
        0.00022710000000358832
    ],
    "0.7": [
        0.00025419999999485297,
        0.000258200000001807,
        0.0002418999999974858,
        0.00023329999999646133,
        0.000313600000004044,
        0.00028140000001144474
    ],
    "0.9": [
        0.00029669999998986895,
        0.00028569999998921957,
        0.00023840000000632244,
        0.00024349999998776183,
        0.0002321999999878699,
        0.000228599999996959
    ]
}