{
    "0.001": [
        0.00016680000000519614,
        0.0001526000000183103,
        0.0001498000000083266,
        0.00014830000002348244,
        0.00015090000000554936,
        0.00014860000001135632
    ],
    "0.01": [
        0.00014710000000377476,
        0.00015070000000605432,
        0.00014870000001110384,
        0.0001502000000073167,
        0.00015319999999974243,
        0.0001525999999898886
    ],
    "0.1": [
        0.00019280000001344887,
        0.00018089999999801876,
        0.00017760000000635045,
        0.00015130000000453946,
        0.00015239999999039355,
        0.00016379999999571737
    ],
    "0.3": [
        0.00016109999999116553,
        0.0001478999999790176,
        0.00015430000001970257,
        0.00015330000002222732,
        0.00015579999999317806,
        0.00015250000000150977
    ],
    "0.5": [
        0.00015740000000050714,
        0.0001833000000146967,
        0.00018300000000408544,
        0.00017570000002251618,
        0.0001588999999853513,
        0.0002140999999937776
    ],
    "0.7": [
        0.0001591999999845939,
        0.00014949999998634667,
        0.00014830000001211374,
        0.00015010000001893786,
        0.00015260000002399466,
        0.0001530000000002474
    ],
    "0.9": [
        0.00015669999999090578,
        0.0001496999999858417,
        0.00016669999997702688,
        0.00015120000002752932,
        0.00015149999999266583,
        0.00015060000002904418
    ]
}