{
    "0.001": [
        0.0001534000000003033,
        0.00014430000000089648,
        0.00014480000000176573,
        0.00014600000000015713,
        0.0001429999999963627,
        0.00014350000000007412
    ],
    "0.01": [
        0.000155999999999068,
        0.00014669999999910032,
        0.00022390000000029885,
        0.0001454999999978668,
        0.0003163999999998168,
        0.00034879999999901654
    ],
    "0.1": [
        0.00023329999999788242,
        0.000196100000002275,
        0.0001678000000012503,
        0.00018810000000115678,
        0.00014560000000187756,
        0.0001467000000019425
    ],
    "0.3": [
        0.00014889999999638802,
        0.00014529999999695064,
        0.00015020000000163237,
        0.00015029999999569555,
        0.00014649999999960528,
        0.00016229999999666233
    ],
    "0.5": [
        0.00014500000000339242,
        0.0002158000000008542,
        0.00020830000000273685,
        0.0001535999999930482,
        0.00016549999999426745,
        0.00015700000000435922
    ],
    "0.7": [
        0.00017649999999775902,
        0.0001576999999997497,
        0.00016159999999558748,
        0.00014899999999897772,
        0.00014649999999960528,
        0.00019209999999816318
    ],
    "0.9": [
        0.00017040000000179134,
        0.00017490000000748297,
        0.00014550000000497222,
        0.00018349999999713872,
        0.00014380000001210647,
        0.00014630000000011024
    ]
}