{
    "0.001": [
        0.0003112999999991928,
        0.0002853999999999246,
        0.00023670000000066693,
        0.0002255000000005225,
        0.00024560000000093394,
        0.00022710000000216723
    ],
    "0.01": [
        0.00022940000000062354,
        0.00023510000000186436,
        0.0002271999999990726,
        0.00022810000000248465,
        0.00023010000000169838,
        0.00023019999999576157
    ],
    "0.1": [
        0.00023889999999653354,
        0.00022659999999916636,
        0.00022610000000042874,
        0.00023939999999811334,
        0.00022870000000239089,
        0.00023530000000562267
    ],
    "0.3": [
        0.0002290999999900123,
        0.00023750000000006822,
        0.0002292000000011285,
        0.0002459999999956608,
        0.0002417000000008329,
        0.00026730000000156905
    ],
    "0.5": [
        0.00023229999999330175,
        0.00026860000000112906,
        0.00022510000000011132,
        0.00022709999999221965,
        0.0002391999999986183,
        0.00022399999999720422
    ],
    "0.7": [
        0.00022730000000592554,
        0.0002599999999972624,
        0.0002382000000068274,
        0.0002506999999980053,
        0.00028800000000046567,
        0.00036529999999856955
    ],
    "0.9": [
        0.0002930999999875894,
        0.000310300000001007,
        0.00022840000000883264,
        0.0002395000000035452,
        0.0002723999999943771,
        0.00022449999999594184
    ]
}