{
    "0.001": [
        0.00022699999999957753,
        0.00023779999999931078,
        0.0002397999999999456,
        0.00024369999999862557,
        0.00025340000000113606,
        0.0002759999999980778
    ],
    "0.01": [
        0.00022790000000014743,
        0.00023000000000337196,
        0.00025720000000291067,
        0.00026170000000007575,
        0.00026529999999809207,
        0.00031479999999959316
    ],
    "0.1": [
        0.0002309999999994261,
        0.00025130000000501697,
        0.00025550000000009734,
        0.0002966000000014901,
        0.00024109999999666343,
        0.00026379999999051054
    ],
    "0.3": [
        0.00022460000000421588,
        0.00022940000000346573,
        0.00022690000000977762,
        0.0002570000000019945,
        0.00023299999999721878,
        0.0002341999999998734
    ],
    "0.5": [
        0.00023460000000454783,
        0.00022640000000251348,
        0.00023369999999545144,
        0.00029659999999864795,
        0.00023900000000196542,
        0.0002426000000014028
    ],
    "0.7": [
        0.0002437999999983731,
        0.0002496999999948457,
        0.0002546000000023696,
        0.00022819999999228456,
        0.00022560000000453327,
        0.00027410000000145375
    ],
    "0.9": [
        0.0004376000000092972,
        0.0003564999999923657,
        0.0002789000000007036,
        0.0002501999999992677,
        0.00025529999999207575,
        0.0002882000000113294
    ]
}